trinuc	count
AAA	1182536
AAC	775458
AAG	1279171
AAT	826741
ACA	1086984
ACC	935307
ACG	411668
ACT	877843
AGA	1327020
AGC	1344636
AGG	1445197
AGT	877843
ATA	567692
ATC	915387
ATG	1129067
ATT	826741
CAA	1071776
CAC	1149420
CAG	1893745
CAT	1129067
CCA	1617618
CCC	1270638
CCG	709245
CCT	1445197
CGA	436791
CGC	606062
CGG	709245
CGT	411668
CTA	483853
CTC	1359967
CTG	1893745
CTT	1279171
GAA	1290465
GAC	868510
GAG	1359967
GAT	915387
GCA	1274042
GCC	1403632
GCG	606062
GCT	1344636
GGA	1377287
GGC	1403632
GGG	1270638
GGT	935307
GTA	540053
GTC	868510
GTG	1149420
GTT	775458
TAA	520145
TAC	540053
TAG	483853
TAT	567692
TCA	1245151
TCC	1377287
TCG	436791
TCT	1327020
TGA	1245151
TGC	1274042
TGG	1617618
TGT	1086984
TTA	520145
TTC	1290465
TTG	1071776
TTT	1182536
